,PassengerId,Pclass,Name,Sex,Age,SibSp,Parch,Ticket,Fare,Cabin,Embarked,Survived
727,728,3,"Mannion, Miss. Margareth",female,,0,0,36866,7.7375,,Q,1
668,669,3,"Cook, Mr. Jacob",male,43.0,0,0,A/5 3536,8.05,,S,0
210,211,3,"Ali, Mr. Ahmed",male,24.0,0,0,SOTON/O.Q. 3101311,7.05,,S,0
654,655,3,"Hegarty, Miss. Hanora ""Nora""",female,18.0,0,0,365226,6.75,,Q,0
228,229,2,"Fahlstrom, Mr. Arne Jonas",male,18.0,0,0,236171,13.0,,S,0
364,365,3,"O'Brien, Mr. Thomas",male,,1,0,370365,15.5,,Q,0
63,64,3,"Skoog, Master. Harald",male,4.0,3,2,347088,27.9,,S,0
652,653,3,"Kalvik, Mr. Johannes Halvorsen",male,21.0,0,0,8475,8.4333,,S,0
229,230,3,"Lefebre, Miss. Mathilde",female,,3,1,4133,25.4667,,S,0
663,664,3,"Coleff, Mr. Peju",male,36.0,0,0,349210,7.4958,,S,0
732,733,2,"Knight, Mr. Robert J",male,,0,0,239855,0.0,,S,0
154,155,3,"Olsen, Mr. Ole Martin",male,,0,0,Fa 265302,7.3125,,S,0
772,773,2,"Mack, Mrs. (Mary)",female,57.0,0,0,S.O./P.P. 3,10.5,E77,S,0
411,412,3,"Hart, Mr. Henry",male,,0,0,394140,6.8583,,Q,0
385,386,2,"Davies, Mr. Charles Henry",male,18.0,0,0,S.O.C. 14879,73.5,,S,0
264,265,3,"Henry, Miss. Delia",female,,0,0,382649,7.75,,Q,0
410,411,3,"Sdycoff, Mr. Todor",male,,0,0,349222,7.8958,,S,0
583,584,1,"Ross, Mr. John Hugo",male,36.0,0,0,13049,40.125,A10,C,0
564,565,3,"Meanwell, Miss. (Marion Ogden)",female,,0,0,SOTON/O.Q. 392087,8.05,,S,0
161,162,2,"Watt, Mrs. James (Elizabeth ""Bessie"" Inglis Milne)",female,40.0,0,0,C.A. 33595,15.75,,S,1
292,293,2,"Levy, Mr. Rene Jacques",male,36.0,0,0,SC/Paris 2163,12.875,D,C,0
869,870,3,"Johnson, Master. Harold Theodor",male,4.0,1,1,347742,11.1333,,S,1
248,249,1,"Beckwith, Mr. Richard Leonard",male,37.0,1,1,11751,52.5542,D35,S,1
782,783,1,"Long, Mr. Milton Clyde",male,29.0,0,0,113501,30.0,D6,S,0
117,118,2,"Turpin, Mr. William John Robert",male,29.0,1,0,11668,21.0,,S,0
158,159,3,"Smiljanic, Mr. Mile",male,,0,0,315037,8.6625,,S,0
587,588,1,"Frolicher-Stehli, Mr. Maxmillian",male,60.0,1,1,13567,79.2,B41,C,1
203,204,3,"Youseff, Mr. Gerious",male,45.5,0,0,2628,7.225,,C,0
95,96,3,"Shorney, Mr. Charles Joseph",male,,0,0,374910,8.05,,S,0
538,539,3,"Risien, Mr. Samuel Beard",male,,0,0,364498,14.5,,S,0
392,393,3,"Gustafsson, Mr. Johan Birger",male,28.0,2,0,3101277,7.925,,S,0
775,776,3,"Myhrman, Mr. Pehr Fabian Oliver Malkolm",male,18.0,0,0,347078,7.75,,S,0
598,599,3,"Boulos, Mr. Hanna",male,,0,0,2664,7.225,,C,0
93,94,3,"Dean, Mr. Bertram Frank",male,26.0,1,2,C.A. 2315,20.575,,S,0
234,235,2,"Leyson, Mr. Robert William Norman",male,24.0,0,0,C.A. 29566,10.5,,S,0
250,251,3,"Reed, Mr. James George",male,,0,0,362316,7.25,,S,0
850,851,3,"Andersson, Master. Sigvard Harald Elias",male,4.0,4,2,347082,31.275,,S,0
558,559,1,"Taussig, Mrs. Emil (Tillie Mandelbaum)",female,39.0,1,1,110413,79.65,E67,S,1
166,167,1,"Chibnall, Mrs. (Edith Martha Bowerman)",female,,0,1,113505,55.0,E33,S,1
344,345,2,"Fox, Mr. Stanley Hubert",male,36.0,0,0,229236,13.0,,S,0
766,767,1,"Brewe, Dr. Arthur Jackson",male,,0,0,112379,39.6,,C,0
758,759,3,"Theobald, Mr. Thomas Leonard",male,34.0,0,0,363294,8.05,,S,0
141,142,3,"Nysten, Miss. Anna Sofia",female,22.0,0,0,347081,7.75,,S,1
420,421,3,"Gheorgheff, Mr. Stanio",male,,0,0,349254,7.8958,,C,0
536,537,1,"Butt, Major. Archibald Willingham",male,45.0,0,0,113050,26.55,B38,S,0
771,772,3,"Jensen, Mr. Niels Peder",male,48.0,0,0,350047,7.8542,,S,0
418,419,2,"Matthews, Mr. William John",male,30.0,0,0,28228,13.0,,S,0
739,740,3,"Nankoff, Mr. Minko",male,,0,0,349218,7.8958,,S,0
627,628,1,"Longley, Miss. Gretchen Fiske",female,21.0,0,0,13502,77.9583,D9,S,1
667,668,3,"Rommetvedt, Mr. Knud Paust",male,,0,0,312993,7.775,,S,0
754,755,2,"Herman, Mrs. Samuel (Jane Laver)",female,48.0,1,2,220845,65.0,,S,1
330,331,3,"McCoy, Miss. Agnes",female,,2,0,367226,23.25,,Q,1
508,509,3,"Olsen, Mr. Henry Margido",male,28.0,0,0,C 4001,22.525,,S,0
100,101,3,"Petranec, Miss. Matilda",female,28.0,0,0,349245,7.8958,,S,0
112,113,3,"Barton, Mr. David John",male,22.0,0,0,324669,8.05,,S,0
708,709,1,"Cleaver, Miss. Alice",female,22.0,0,0,113781,151.55,,S,1
491,492,3,"Windelov, Mr. Einar",male,21.0,0,0,SOTON/OQ 3101317,7.25,,S,0
275,276,1,"Andrews, Miss. Kornelia Theodosia",female,63.0,1,0,13502,77.9583,D7,S,1
253,254,3,"Lobb, Mr. William Arthur",male,30.0,1,0,A/5. 3336,16.1,,S,0
207,208,3,"Albimona, Mr. Nassef Cassem",male,26.0,0,0,2699,18.7875,,C,1
655,656,2,"Hickman, Mr. Leonard Mark",male,24.0,2,0,S.O.C. 14879,73.5,,S,0
24,25,3,"Palsson, Miss. Torborg Danira",female,8.0,3,1,349909,21.075,,S,0
197,198,3,"Olsen, Mr. Karl Siegwart Andreas",male,42.0,0,1,4579,8.4042,,S,0
624,625,3,"Bowen, Mr. David John ""Dai""",male,21.0,0,0,54636,16.1,,S,0
157,158,3,"Corn, Mr. Harry",male,30.0,0,0,SOTON/OQ 392090,8.05,,S,0
512,513,1,"McGough, Mr. James Robert",male,36.0,0,0,PC 17473,26.2875,E25,S,1
596,597,2,"Leitch, Miss. Jessie Wills",female,,0,0,248727,33.0,,S,1
750,751,2,"Wells, Miss. Joan",female,4.0,1,1,29103,23.0,,S,1
793,794,1,"Hoyt, Mr. William Fisher",male,,0,0,PC 17600,30.6958,,C,0
38,39,3,"Vander Planke, Miss. Augusta Maria",female,18.0,2,0,345764,18.0,,S,0
492,493,1,"Molson, Mr. Harry Markland",male,55.0,0,0,113787,30.5,C30,S,0
204,205,3,"Cohen, Mr. Gurshon ""Gus""",male,18.0,0,0,A/5 3540,8.05,,S,1
138,139,3,"Osen, Mr. Olaf Elon",male,16.0,0,0,7534,9.2167,,S,0
402,403,3,"Jussila, Miss. Mari Aina",female,21.0,1,0,4137,9.825,,S,0
505,506,1,"Penasco y Castellana, Mr. Victor de Satode",male,18.0,1,0,PC 17758,108.9,C65,C,0
811,812,3,"Lester, Mr. James",male,39.0,0,0,A/4 48871,24.15,,S,0
19,20,3,"Masselmani, Mrs. Fatima",female,,0,0,2649,7.225,,C,1
134,135,2,"Sobey, Mr. Samuel James Hayden",male,25.0,0,0,C.A. 29178,13.0,,S,0
820,821,1,"Hays, Mrs. Charles Melville (Clara Jennings Gregg)",female,52.0,1,1,12749,93.5,B69,S,1
680,681,3,"Peters, Miss. Katie",female,,0,0,330935,8.1375,,Q,0
343,344,2,"Sedgwick, Mr. Charles Frederick Waddington",male,25.0,0,0,244361,13.0,,S,0
407,408,2,"Richards, Master. William Rowe",male,3.0,1,1,29106,18.75,,S,1
805,806,3,"Johansson, Mr. Karl Johan",male,31.0,0,0,347063,7.775,,S,0
227,228,3,"Lovell, Mr. John Hall (""Henry"")",male,20.5,0,0,A/5 21173,7.25,,S,0
864,865,2,"Gill, Mr. John William",male,24.0,0,0,233866,13.0,,S,0
167,168,3,"Skoog, Mrs. William (Anna Bernhardina Karlsson)",female,45.0,1,4,347088,27.9,,S,0
334,335,1,"Frauenthal, Mrs. Henry William (Clara Heinsheimer)",female,,1,0,PC 17611,133.65,,S,1
273,274,1,"Natsch, Mr. Charles H",male,37.0,0,1,PC 17596,29.7,C118,C,0
195,196,1,"Lurette, Miss. Elise",female,58.0,0,0,PC 17569,146.5208,B80,C,1
178,179,2,"Hale, Mr. Reginald",male,30.0,0,0,250653,13.0,,S,0
390,391,1,"Carter, Mr. William Ernest",male,36.0,1,2,113760,120.0,B96 B98,S,1
131,132,3,"Coelho, Mr. Domingos Fernandeo",male,20.0,0,0,SOTON/O.Q. 3101307,7.05,,S,0
520,521,1,"Perreault, Miss. Anne",female,30.0,0,0,12749,93.5,B73,S,1
552,553,3,"O'Brien, Mr. Timothy",male,,0,0,330979,7.8292,,Q,0
851,852,3,"Svensson, Mr. Johan",male,74.0,0,0,347060,7.775,,S,0
236,237,2,"Hold, Mr. Stephen",male,44.0,1,0,26707,26.0,,S,0
550,551,1,"Thayer, Mr. John Borland Jr",male,17.0,0,2,17421,110.8833,C70,C,1
25,26,3,"Asplund, Mrs. Carl Oscar (Selma Augusta Emilia Johansson)",female,38.0,1,5,347077,31.3875,,S,1
660,661,1,"Frauenthal, Dr. Henry William",male,50.0,2,0,PC 17611,133.65,,S,1
352,353,3,"Elias, Mr. Tannous",male,15.0,1,1,2695,7.2292,,C,0
394,395,3,"Sandstrom, Mrs. Hjalmar (Agnes Charlotta Bengtsson)",female,24.0,0,2,PP 9549,16.7,G6,S,1
814,815,3,"Tomlin, Mr. Ernest Portage",male,30.5,0,0,364499,8.05,,S,0
679,680,1,"Cardeza, Mr. Thomas Drake Martinez",male,36.0,0,1,PC 17755,512.3292,B51 B53 B55,C,1
866,867,2,"Duran y More, Miss. Asuncion",female,27.0,1,0,SC/PARIS 2149,13.8583,,C,1
362,363,3,"Barbara, Mrs. (Catherine David)",female,45.0,0,1,2691,14.4542,,C,0
29,30,3,"Todoroff, Mr. Lalio",male,,0,0,349216,7.8958,,S,0
188,189,3,"Bourke, Mr. John",male,40.0,1,1,364849,15.5,,Q,0
363,364,3,"Asim, Mr. Adola",male,35.0,0,0,SOTON/O.Q. 3101310,7.05,,S,0
571,572,1,"Appleton, Mrs. Edward Dale (Charlotte Lamson)",female,53.0,2,0,11769,51.4792,C101,S,1
749,750,3,"Connaghton, Mr. Michael",male,31.0,0,0,335097,7.75,,Q,0
840,841,3,"Alhomaki, Mr. Ilmari Rudolf",male,20.0,0,0,SOTON/O2 3101287,7.925,,S,0
728,729,2,"Bryhl, Mr. Kurt Arnold Gottfrid",male,25.0,1,0,236853,26.0,,S,0
21,22,2,"Beesley, Mr. Lawrence",male,34.0,0,0,248698,13.0,D56,S,1
226,227,2,"Mellors, Mr. William John",male,19.0,0,0,SW/PP 751,10.5,,S,1
414,415,3,"Sundman, Mr. Johan Julian",male,44.0,0,0,STON/O 2. 3101269,7.925,,S,1
313,314,3,"Hendekovic, Mr. Ignjac",male,28.0,0,0,349243,7.8958,,S,0
300,301,3,"Kelly, Miss. Anna Katherine ""Annie Kate""",female,,0,0,9234,7.75,,Q,1
404,405,3,"Oreskovic, Miss. Marija",female,20.0,0,0,315096,8.6625,,S,0
350,351,3,"Odahl, Mr. Nils Martin",male,23.0,0,0,7267,9.225,,S,0
238,239,2,"Pengelly, Mr. Frederick William",male,19.0,0,0,28665,10.5,,S,0
211,212,2,"Cameron, Miss. Clear Annie",female,35.0,0,0,F.C.C. 13528,21.0,,S,1
271,272,3,"Tornquist, Mr. William Henry",male,25.0,0,0,LINE,0.0,,S,1
147,148,3,"Ford, Miss. Robina Maggie ""Ruby""",female,9.0,2,2,W./C. 6608,34.375,,S,0
776,777,3,"Tobin, Mr. Roger",male,,0,0,383121,7.75,F38,Q,0
92,93,1,"Chaffee, Mr. Herbert Fuller",male,46.0,1,0,W.E.P. 5734,61.175,E31,S,0
586,587,2,"Jarvis, Mr. John Denzil",male,47.0,0,0,237565,15.0,,S,0
74,75,3,"Bing, Mr. Lee",male,32.0,0,0,1601,56.4958,,S,1
366,367,1,"Warren, Mrs. Frank Manley (Anna Sophia Atkinson)",female,60.0,1,0,110813,75.25,D37,C,1
3,4,1,"Futrelle, Mrs. Jacques Heath (Lily May Peel)",female,35.0,1,0,113803,53.1,C123,S,1
748,749,1,"Marvin, Mr. Daniel Warner",male,19.0,1,0,113773,53.1,D30,S,0
59,60,3,"Goodwin, Master. William Frederick",male,11.0,5,2,CA 2144,46.9,,S,0
22,23,3,"McGowan, Miss. Anna ""Annie""",female,15.0,0,0,330923,8.0292,,Q,1
26,27,3,"Emir, Mr. Farred Chehab",male,,0,0,2631,7.225,,C,0
633,634,1,"Parr, Mr. William Henry Marsh",male,,0,0,112052,0.0,,S,0
500,501,3,"Calic, Mr. Petar",male,17.0,0,0,315086,8.6625,,S,0
609,610,1,"Shutes, Miss. Elizabeth W",female,40.0,0,0,PC 17582,153.4625,C125,S,1
644,645,3,"Baclini, Miss. Eugenie",female,0.75,2,1,2666,19.2583,,C,1
822,823,1,"Reuchlin, Jonkheer. John George",male,38.0,0,0,19972,0.0,,S,0
301,302,3,"McCoy, Mr. Bernard",male,,2,0,367226,23.25,,Q,1
731,732,3,"Hassan, Mr. Houssein G N",male,11.0,0,0,2699,18.7875,,C,0
293,294,3,"Haas, Miss. Aloisia",female,24.0,0,0,349236,8.85,,S,0
585,586,1,"Taussig, Miss. Ruth",female,18.0,0,2,110413,79.65,E68,S,1
329,330,1,"Hippach, Miss. Jean Gertrude",female,16.0,0,1,111361,57.9792,B18,C,1
576,577,2,"Garside, Miss. Ethel",female,34.0,0,0,243880,13.0,,S,1
412,413,1,"Minahan, Miss. Daisy E",female,33.0,1,0,19928,90.0,C78,Q,1
196,197,3,"Mernagh, Mr. Robert",male,,0,0,368703,7.75,,Q,0
79,80,3,"Dowdell, Miss. Elizabeth",female,30.0,0,0,364516,12.475,,S,1
631,632,3,"Lundahl, Mr. Johan Svensson",male,51.0,0,0,347743,7.0542,,S,0
823,824,3,"Moor, Mrs. (Beila)",female,27.0,0,1,392096,12.475,E121,S,1
263,264,1,"Harrison, Mr. William",male,40.0,0,0,112059,0.0,B94,S,0
443,444,2,"Reynaldo, Ms. Encarnacion",female,28.0,0,0,230434,13.0,,S,1
696,697,3,"Kelly, Mr. James",male,44.0,0,0,363592,8.05,,S,0
270,271,1,"Cairns, Mr. Alexander",male,,0,0,113798,31.0,,S,0
315,316,3,"Nilsson, Miss. Helmina Josefina",female,26.0,0,0,347470,7.8542,,S,1
707,708,1,"Calderhead, Mr. Edward Pennington",male,42.0,0,0,PC 17476,26.2875,E24,S,1
213,214,2,"Givard, Mr. Hans Kristensen",male,30.0,0,0,250646,13.0,,S,0
517,518,3,"Ryan, Mr. Patrick",male,,0,0,371110,24.15,,Q,0
836,837,3,"Pasic, Mr. Jakob",male,21.0,0,0,315097,8.6625,,S,0
322,323,2,"Slayter, Miss. Hilda Mary",female,30.0,0,0,234818,12.35,,Q,1
50,51,3,"Panula, Master. Juha Niilo",male,7.0,4,1,3101295,39.6875,,S,0
483,484,3,"Turkula, Mrs. (Hedwig)",female,63.0,0,0,4134,9.5875,,S,1
692,693,3,"Lam, Mr. Ali",male,,0,0,1601,56.4958,,S,1
682,683,3,"Olsvigen, Mr. Thor Anderson",male,20.0,0,0,6563,9.225,,S,0
574,575,3,"Rush, Mr. Alfred George John",male,16.0,0,0,A/4. 20589,8.05,,S,0
406,407,3,"Widegren, Mr. Carl/Charles Peter",male,51.0,0,0,347064,7.75,,S,0
525,526,3,"Farrell, Mr. James",male,40.5,0,0,367232,7.75,,Q,0
153,154,3,"van Billiard, Mr. Austin Blyler",male,40.5,0,2,A/5. 851,14.5,,S,0
65,66,3,"Moubarek, Master. Gerios",male,,1,1,2661,15.2458,,C,1
789,790,1,"Guggenheim, Mr. Benjamin",male,46.0,0,0,PC 17593,79.2,B82 B84,C,0
201,202,3,"Sage, Mr. Frederick",male,,8,2,CA. 2343,69.55,,S,0
107,108,3,"Moss, Mr. Albert Johan",male,,0,0,312991,7.775,,S,1
428,429,3,"Flynn, Mr. James",male,,0,0,364851,7.75,,Q,0
357,358,2,"Funk, Miss. Annie Clemmer",female,38.0,0,0,237671,13.0,,S,0
307,308,1,"Penasco y Castellana, Mrs. Victor de Satode (Maria Josefa Perez de Soto y Vallejo)",female,17.0,1,0,PC 17758,108.9,C65,C,1
629,630,3,"O'Connell, Mr. Patrick D",male,,0,0,334912,7.7333,,Q,0
430,431,1,"Bjornstrom-Steffansson, Mr. Mauritz Hakan",male,28.0,0,0,110564,26.55,C52,S,1
432,433,2,"Louch, Mrs. Charles Alexander (Alice Adelaide Slow)",female,42.0,1,0,SC/AH 3085,26.0,,S,1
431,432,3,"Thorneycroft, Mrs. Percival (Florence Kate White)",female,,1,0,376564,16.1,,S,1
829,830,1,"Stone, Mrs. George Nelson (Martha Evelyn)",female,62.0,0,0,113572,80.0,B28,,1
